quarter,NHCCI,NHCCI-Seasonally-Adjusted,grp9-pct-change-Grading-Excavation,grp9-pct-change-Bridge,grp9-pct-change-Asphalt,grp9-pct-change-Concrete,grp9-pct-change-Base-Stone,grp9-pct-change-Drainage,grp9-pct-change-Traffic-Control,grp9-pct-change-Electrical,grp9-pct-change-Utilities-erosion-control-clearing-painting-and-equipment,grp13-pct-change-Grading-Excavation,grp13-pct-change-Bridge,grp13-pct-change-Asphalt,grp13-pct-change-Concrete,grp13-pct-change-Base-Stone,grp13-pct-change-Drainage,grp13-pct-change-Traffic-Control,grp13-pct-change-Erosion-Control,grp13-pct-change-Clearing,grp13-pct-change-Electrical,grp13-pct-change-Structures,grp13-pct-change-Utility,grp13-pct-change-Equipment,grp25-pct-change-Grading-Excavation,grp25-pct-change-Bridge,grp25-pct-change-Asphalt,grp25-pct-change-Concrete_Pavement,grp25-pct-change-Concrete-Misc,grp25-pct-change-Concrete-Culvers,grp25-pct-change-Base-Stone,grp25-pct-change-Drainage-Pipe,grp25-pct-change-Drainage-Inlets-Catch-Basins,grp25-pct-change-Underdrain,grp25-pct-change-Traffic-Control,grp25-pct-change-Guard-Rail,grp25-pct-change-Fencing,grp25-pct-change-Signs-Permanent,grp25-pct-change-Striping-Pavement-Marking,grp25-pct-change-Clearing,grp25-pct-change-Equipment-Labor,grp25-pct-change-Grassing,grp25-pct-change-Erosion-Control,grp25-pct-change-Retaining-Wall,grp25-pct-change-Misc-Stone-Riprap,grp25-pct-change-Painting-Structures,grp25-pct-change-Buildings-Misc-Structures,grp25-pct-change-Electrical,grp25-pct-change-Utility
2003 Q1,1,1.005022932,,,,,,,,,,,,,,,,,,,,,,,,,,,,,,,,,,,,,,,,,,,,,,,
2003 Q2,1.009624,1.007074857,-0.603982656,-0.075302344,0.981712612,-0.311941063,0.314379504,0.022022742,0.188511614,0.141920186,0.305115369,-0.562572365,-0.070139461,0.91440438,-0.290553744,0.292825,0.020512817,0.175586871,-0.045981201,0.259148717,0.132189847,0.018181622,0.106953507,0.011879974,-0.517194264,-0.064481886,0.840646875,-0.152249144,-0.107945494,-0.021500675,0.269205208,0.026762482,0.094741466,-0.070037293,0.168109646,-0.058603389,-0.037960813,0.003664046,0.090357849,0.238245315,0.010921714,0.028420722,0.030655738,-0.015880629,-0.026507351,-0.002942154,0.016154376,0.121527176,0.098326445
2003 Q3,1.02399,1.009069462,0.559155121,0.49304302,0.172481173,-0.380942032,0.176800986,-0.063404696,0.334629564,-0.084677991,0.215823289,0.54104426,0.477073509,0.166894561,-0.368603437,0.171074457,-0.061351037,0.323791017,0.27676256,0.152342438,-0.081935297,-0.009797659,-0.169163894,0.004776959,0.575181371,0.507174395,0.17742475,-0.270630536,0.062571831,-0.185949618,0.181868375,-0.054792612,-0.060947625,0.048722516,0.228818121,0.144664017,0.001319804,-0.065771118,0.020834056,0.161954462,0.005078361,0.038549934,-0.019196499,0.145121041,0.060669481,-0.004738319,-0.008075494,-0.087104993,-0.179837266
2003 Q4,1.021636,1.045979976,-0.483975832,0.335125266,0.197195752,0.50648749,-0.235400215,-0.13203685,-0.423152233,-0.169050206,0.174845183,-0.474494845,0.328560231,0.193332728,0.496565504,-0.230788773,-0.129450275,-0.414862767,0.153342876,-0.004334278,-0.165738547,0.000501067,0.021219353,-0.003813917,-0.508047655,0.351793611,0.207003806,0.165021055,0.205681543,0.189814599,-0.24710847,-0.105285109,0.04091031,-0.06743064,-0.301700397,-0.103511278,0.010057115,0.007884071,-0.062195007,-0.004640767,-0.00408361,-0.005444424,0.034311509,0.119709925,0.002503811,-0.001529271,0.001062163,-0.177458367,0.02271983
2004 Q1,1.045945,1.053034518,-0.244710147,1.095024799,0.6173588,0.505430562,0.214115395,0.194466767,-0.186539906,-0.015755463,0.200079903,-0.239373157,1.071142928,0.603894554,0.494407407,0.20944566,0.190225557,-0.182471576,0.390337887,-0.179915961,-0.015411845,-0.005351794,0.023356865,0.019184186,-0.233731712,1.045898684,0.589662222,0.134487469,0.281187012,0.087443662,0.204509533,0.07984249,0.01758639,0.085676837,-0.137815705,0.037515608,-0.006403567,0.019280346,-0.082179171,-0.175675777,0.018732062,-0.023357767,0.147720342,0.277807619,0.009684205,0.001380279,-0.007538124,-0.015048625,0.0228064
2004 Q2,1.100941,1.097903241,2.42980247,-0.273674365,1.08531797,0.252584837,0.150458907,0.509009595,0.375333053,0.183917627,0.545272964,2.408810059,-0.27130994,1.075941306,0.250402616,0.149159009,0.504611979,0.372090343,0.286855182,0.277648958,0.18232866,0.013875432,0.023053421,-0.015443969,2.416678212,-0.272196149,1.079455768,0.056276873,0.152829977,0.026407125,0.149646223,0.353606816,0.186036089,-0.025565024,0.096172719,0.177424497,0.024113717,0.036711039,0.030766242,0.278555873,-0.015494415,0.130140826,0.12711814,-0.007494692,0.036110989,-0.001423625,0.016092894,0.18292422,0.023128723
2004 Q3,1.143055,1.129173016,-0.217257556,1.061404932,1.566803537,0.256439303,0.12066477,0.292738628,0.460688602,-0.057573524,0.34138033,-0.215402516,1.052342193,1.553425483,0.254249713,0.119634481,0.290239097,0.456755041,0.023638776,0.397197691,-0.057081936,0.00392505,-0.028154951,-0.025479099,-0.21806292,1.065339515,1.572611611,0.066703302,0.152872538,0.035068532,0.121112069,0.203176601,0.030382143,0.043923552,0.232417404,0.08662031,0.006829511,0.028853198,0.090198789,0.402103421,-0.025793788,-0.024469501,0.005354704,0.012045549,0.021422557,0.001819877,0.001049684,-0.057786946,-0.028502689
2004 Q4,1.149222,1.163493987,-0.712031261,0.216831118,0.407935451,0.05966548,0.091497169,0.177962417,0.241013595,-0.004036269,0.060661589,-0.734374535,0.223635197,0.420736312,0.06153776,0.094368315,0.183546811,0.248576512,0.164822043,-0.13880381,-0.004162926,0.010310182,0.002070215,0.007237212,-0.755618955,0.230104648,0.43290762,-0.09154824,0.160809992,-0.003464402,0.097098258,0.095822194,0.065676578,0.030164407,0.026919444,0.137666234,0.020943858,0.040459661,0.025900061,-0.142819208,0.007446574,0.04147424,0.047738708,-0.009541876,0.072954862,-0.000102271,0.010660153,-0.004283353,0.002130103
2005 Q1,1.240895,1.250216054,6.962020154,0.509778116,-0.06526836,-0.215998531,0.225175348,0.045261635,-0.059327517,0.158904086,0.416409917,6.908944194,0.505891749,-0.064770777,-0.214351835,0.223458692,0.044916576,-0.058875225,0.428553291,-0.007027846,0.157692658,0.004746844,0.04228612,0.005490409,6.79547725,0.49758339,-0.063707034,-0.184321942,-0.094589918,0.170471102,0.219788786,0.15820524,-0.020671112,-0.044913974,0.074327556,-0.06206288,-0.010248295,0.031851261,-0.08465121,-0.006912426,0.005400239,0.052632257,0.054824487,0.203031849,0.08517536,0.002437095,0.001133279,0.15510284,0.041591647
2005 Q2,1.281448,1.277184365,-1.18792669,0.508445221,0.863291304,0.858049924,0.969722563,0.116621151,0.572996597,0.105347525,0.461477034,-1.19046008,0.509529539,0.865132372,0.859879815,0.971790608,0.116869859,0.574218578,0.26408996,0.162565809,0.105572191,-0.01108236,0.031031021,0.008887317,-1.202489822,0.514678396,0.873874639,0.588642292,0.428263113,-0.14451195,0.981610668,0.02917474,0.026273376,0.063366937,0.139764888,0.098565042,0.015180502,0.013982475,0.31519624,0.164208556,0.008977125,0.119985463,0.090042526,-0.084639748,0.100673272,-0.003931378,-0.006846326,0.10663901,0.031344593
2005 Q3,1.371839,1.348135227,1.274992181,1.023329186,3.113635546,0.237611381,0.294129256,0.26953774,0.374016433,0.091491046,0.375119737,1.272012423,1.020937584,3.106358733,0.237056064,0.293441853,0.268907809,0.373142327,0.145944472,0.207740944,0.091277224,0.015078227,0.02085383,0.001111015,1.27001312,1.019332911,3.101476269,0.13048701,0.121776057,0.004857848,0.292980631,0.001740075,0.182661897,0.078641444,0.142765935,-0.038171211,0.005082712,0.059986929,0.217448221,0.207414424,0.001109269,-0.016424438,0.053246308,0.059422591,0.028753124,0.00753501,0.009771557,0.091133758,0.020821053
2005 Q4,1.412496,1.420180815,0.075279601,0.62897989,1.675027652,-0.202899941,0.054294408,0.308880361,0.268179209,0.144582005,0.011329197,0.075313523,0.629263314,1.675782435,-0.202991369,0.054318874,0.309019545,0.268300053,-0.014899491,-0.004441191,0.144647155,0.011572865,0.014130403,0.003636267,0.069180859,0.578023377,1.539326068,-0.296916055,0.251303304,0.099117562,0.049895772,0.234224587,0.02530271,0.034025493,0.068436168,0.198150368,-0.013428947,0.01766898,-0.039324186,-0.004079552,0.003340171,-0.028080648,0.042025339,-0.008578599,-0.012006096,0.001758313,0.008438847,0.132868761,0.012979786
2006 Q1,1.448616,1.470313152,0.219355346,1.098834051,1.02111562,0.503161575,0.15337484,-0.018319973,-0.137519655,0.093701302,-0.376554265,0.2148006,1.076017598,0.999912932,0.492713808,0.150190128,-0.017939572,-0.134664164,-0.164870785,-0.140795958,0.091755666,0.012506642,-0.008325381,-0.014152672,0.216082101,1.082437125,1.005878417,0.262857297,0.079257628,0.121476615,0.151086163,0.02475673,0.023214456,-0.035871962,-0.016450164,-0.093572095,-0.00705802,0.043692532,-0.061847776,-0.141635948,-0.014237107,0.045275591,-0.015143886,-0.173448051,-0.018791717,0.010955404,-0.015692523,0.092303081,-0.008375051
2006 Q2,1.52135,1.515516818,-0.151080557,-0.122798828,3.363928081,0.061851705,0.268469777,0.272527715,0.44759514,0.133516922,0.746953185,-0.150527501,-0.122349303,3.351613858,0.061625286,0.267486998,0.271530081,0.445956643,0.390825584,0.333974045,0.133028161,-0.002418826,0.027507779,0.012710334,-0.149861168,-0.121807705,3.336777429,0.128545586,-0.0584805,-0.01471713,0.266302926,0.163730874,0.084919325,0.018096921,0.199372274,0.125926806,-0.002352945,0.022284547,0.097085284,0.332495658,0.012654069,0.016233796,-0.006847933,0.257374319,0.155767673,-0.001361058,-0.001001213,0.132439292,0.027386011
2006 Q3,1.618392,1.578343946,1.193798861,1.189085584,2.351726444,0.789872405,0.285141396,0.018131231,0.355881762,0.022457998,0.172612504,1.175732372,1.171090423,2.316136327,0.777918782,0.280826177,0.01785684,0.350495985,0.354358658,-0.124291948,0.022118127,0.009251758,0.061598205,-0.03438352,1.181436551,1.176772082,2.327373286,0.297881728,0.35971212,0.118184772,0.282188632,-0.110374772,0.128248028,-0.000299312,0.186646751,0.035871985,0.007538401,0.050177469,0.031179913,-0.124894963,-0.034550335,0.06267335,0.009678186,0.209775263,0.089101199,-0.001487627,0.011752989,0.022225436,0.061897055
2006 Q4,1.552662,1.583836733,-0.587235558,-0.550041582,-1.526394286,-0.603501449,-0.390485562,-0.316437208,0.026720523,0.037616794,-0.151691147,-0.58636677,-0.549227821,-1.524136057,-0.602608597,-0.389907857,-0.315969054,0.026680991,-0.002872151,-0.110697681,0.037561142,0.001229881,-0.057484938,0.01234944,-0.536865233,-0.502861582,-1.395467309,-0.287944322,-0.290051821,0.055666208,-0.356991533,-0.006249456,-0.225601076,-0.058940261,-0.549278115,0.010747905,0.021206286,0.061123034,0.016847433,-0.101352497,0.01130689,-0.114827531,0.049801143,0.191684426,-0.025472043,0.002054453,-0.011742661,0.034390201,-0.052632015
2007 Q1,1.563617,1.563841707,1.597598624,0.558048894,-0.76616252,0.064467642,0.382677225,0.085546324,-0.914978027,-0.017342406,-0.284304926,1.633733097,0.57067084,-0.783491578,0.06592577,0.391332616,0.087481211,-0.935672993,-0.240770196,-0.004474525,-0.017734656,-0.011803437,-0.039934512,-0.009710805,1.16105544,0.405562257,-0.556808918,-0.052582972,0.213747707,-0.020658971,0.278110827,0.021426197,0.021809567,0.017532094,-0.137250862,-0.068491599,-0.00255096,-0.209267811,-0.153257994,-0.003179939,-0.006901239,-0.036440182,0.011466208,-0.160942353,0.030327337,-0.002335728,-0.003833159,-0.0126036,-0.028380513
2007 Q2,1.561181,1.554761802,-0.002615212,0.08266461,-0.330187492,0.248935809,-0.031159019,-0.058377394,0.102725111,-0.0204764,-0.147330866,-0.002892855,0.091440666,-0.365241718,0.275363981,-0.034467004,-0.064575008,0.113630883,-0.08799595,0.005304563,-0.022650269,0.001546787,-0.071877886,0.006592957,-0.00355665,0.11242264,-0.449050081,0.111199994,0.196358342,0.015598157,-0.042375802,-0.090809583,0.012280846,-0.005074667,0.052517588,-0.065415254,-0.018651837,0.08296409,0.100987679,0.006521747,0.008105777,0.010806571,-0.008925422,0.02408576,-0.091203255,-0.001136076,0.002747167,-0.0278476,-0.088370986
2007 Q3,1.53754,1.521355321,-2.14773813,0.11057695,0.371925832,-0.339159731,-0.065116397,0.006991628,0.121171507,0.202488674,0.224560974,-2.17668068,0.112067066,0.37693784,-0.343730189,-0.065993894,0.007085845,0.122804393,-0.009753551,0.206265871,0.205217377,0.008559937,0.034107372,0.008813919,-2.31232954,0.119050989,0.400428281,-0.271008464,0.102118346,-0.103300761,-0.070106577,0.031127308,-0.067709453,0.043710789,0.056028237,0.086883969,-0.018264785,-0.040430994,0.035575266,0.219120182,0.009363195,0.04420853,-0.030388238,-0.048749713,0.032812269,0.023769504,-0.010446292,0.218006347,0.036232914
2007 Q4,1.514275,1.519225758,-0.004175034,-0.472530384,-0.525527498,0.089738446,-0.079739403,-0.283779087,-0.278675843,-0.089807008,0.131370335,-0.004018226,-0.454782781,-0.505789395,0.086367991,-0.076744498,-0.273120728,-0.268209154,0.122298025,0.029748358,-0.086433978,-0.008423385,-0.086628437,0.01261073,-0.00393205,-0.445029357,-0.494942066,0.156607621,-0.011158762,-0.111803484,-0.07509861,-0.233479289,0.010570078,-0.023804637,-0.274229111,0.053072325,-0.004306154,0.00399987,-0.04080396,0.029110365,0.012340276,0.044977021,-0.056265133,0.115581079,0.007550874,-0.002508808,-0.000222705,-0.084580286,-0.084770574
2008 Q1,1.568627,1.574597289,1.994790971,1.607578992,0.371744768,-0.208374022,0.225574765,0.246910491,-0.241276989,-0.030984927,-0.376655894,1.989467223,1.603288645,0.370752646,-0.207817908,0.224972745,0.24625153,-0.240633063,-0.213070808,-0.120150939,-0.030902234,-0.029910894,0.00607129,-0.009010079,1.94080497,1.564072297,0.361684058,-0.171185337,-0.051605849,0.061258215,0.219469925,0.261340725,-0.025173837,0.012584892,0.096128681,-0.118330452,-0.009595406,0.038475217,-0.247137875,-0.117212054,-0.008789693,-0.11685246,-0.004096908,-0.10952256,0.055601056,-0.002478483,-0.015907388,-0.030146367,0.005922787
2008 Q2,1.644059,1.636533651,-0.504760672,0.69299788,3.587488097,0.267472971,0.202065449,-0.246839529,0.430624379,0.073698968,0.306034059,-0.505659839,0.694232368,3.59387875,0.26794944,0.202425403,-0.247279242,0.431391481,0.307666739,-0.033636295,0.073830254,0.086780881,-0.016539804,-0.046258534,-0.50373353,0.691587693,3.580187885,-0.041497463,0.274152931,0.043847689,0.201654264,-0.153015517,-0.055814765,-0.036542699,0.020848729,0.260668924,0.029061258,-0.041747061,0.156888393,-0.033508157,-0.046082313,0.057838175,0.000565827,0.189218082,0.079394522,0.004924917,0.072811619,0.073548998,-0.016476796
2008 Q3,1.784774,1.763112661,0.699093824,1.328476138,6.136464298,-0.0241202,-0.357786944,0.148218598,0.503666142,0.067984394,0.057025696,0.700098957,1.330386175,6.145287092,-0.024154879,-0.358301357,0.148431702,0.504390296,-0.012027337,0.052446534,0.06808214,0.021727649,-0.002617217,-0.014727806,0.696032654,1.322659049,6.109594144,0.113749808,-0.034464052,-0.05928732,-0.356220277,0.096451228,0.028227656,0.024226767,0.082761279,0.145320738,0.072689238,0.053118823,0.141533387,0.052141915,-0.014642264,0.032296766,0.057785731,-0.126196564,0.031977962,0.018001045,0.006179542,0.067686706,-0.002602016
2008 Q4,1.626675,1.670348278,-1.696245519,-2.273753471,-2.047093773,-1.311170045,-0.220991428,-0.419212437,-0.428332962,-0.187887434,-0.273529396,-1.696857034,-2.274573183,-2.047831772,-1.311642736,-0.221071098,-0.419363567,-0.428487381,-0.319798073,-0.010270881,-0.187955169,0.076049196,-0.041428601,0.025013833,-1.696698259,-2.274360352,-2.047640157,-0.799552926,-0.553452669,0.052319045,-0.221050412,-0.278903579,-0.045748731,-0.057803297,-0.148101155,-0.217281306,-0.03581128,-0.038234298,0.03032493,-0.01026992,0.025011493,-0.087320141,-0.11733236,-0.022610043,-0.118830569,0.040625731,-0.006133904,-0.187937582,-0.041424725
2009 Q1,1.49997,1.487617082,-1.641842629,-0.141346583,-3.775315491,-0.637174696,-0.003900708,0.038145567,-0.564825599,-0.072632146,-0.990330451,-1.651971143,-0.142218549,-3.798605383,-0.641105422,-0.003924771,0.038380887,-0.568310004,-0.474601156,-0.464587284,-0.073080213,-0.038724004,0.032404813,-0.002880505,-1.682031456,-0.144806448,-3.867727212,-0.516444414,0.06327735,-0.086046742,-0.003996189,0.10725178,-0.043143731,-0.017932491,-0.255785516,-0.117614668,0.000916715,-0.040112011,-0.138703878,-0.473041209,-0.00293292,-0.085729183,-0.103039545,-0.212980692,-0.080277705,-0.048315376,0.001408362,-0.074410027,0.032994471
2009 Q2,1.439771,1.432577904,-0.138762093,0.45917996,-3.00341872,-0.230182812,-0.344478083,-0.218906051,-0.475657142,-0.041895957,-0.019204489,-0.138876162,0.459557428,-3.005887678,-0.230372034,-0.34476126,-0.219086002,-0.476048155,-0.084641777,0.114467309,-0.041930398,-0.024356179,-0.016999727,-0.004390751,-0.136488263,0.451655592,-2.954203097,-0.027388304,-0.185833954,-0.057922832,-0.338833281,-0.105957982,-0.088869415,-0.021440162,-0.19810136,-0.182042469,-0.015692565,-0.013452416,-0.064363147,0.112499107,-0.004315255,0.015454029,-0.008630884,-0.119525057,0.014112245,-0.032337774,0.00626871,-0.041209428,-0.016707426
2009 Q3,1.429229,1.427538488,-0.780753207,0.344931355,-0.16377866,-0.125968556,-0.051289226,-0.050204384,-0.062129208,-0.019672249,0.176685077,-0.788382191,0.348301787,-0.165378992,-0.127199435,-0.051790389,-0.050694947,-0.062736292,0.175543839,0.013456329,-0.019864472,-0.001018336,-0.008202082,0.005786123,-0.759186731,0.335403435,-0.159254658,0.02806129,-0.140465404,-0.007007572,-0.049872482,-0.071447221,0.02728994,0.001413473,-0.0211388,-0.014700318,-0.020703567,-0.02115919,0.025902085,0.012958013,0.005571851,0.011219873,-0.003876539,0.08493239,0.031216407,-0.001306444,0.000998301,-0.019128849,-0.007898341
2009 Q4,1.402628,1.429876556,-0.457062608,-0.546883674,-0.465617329,-0.024605209,0.047435548,-0.036107272,0.049370087,-0.116473829,-0.311273457,-0.456262099,-0.54592585,-0.464801836,-0.024562115,0.047352468,-0.036044033,0.049283619,-0.277714919,0.017057567,-0.116269834,-0.016038227,-0.016580671,-0.020711813,-0.45742768,-0.547320489,-0.465989234,0.167298901,-0.194192487,0.010816767,0.047473436,0.054293066,-0.058347872,-0.034306842,0.0795566,0.045755411,0.016904901,-0.024410094,-0.058246781,0.017101143,-0.020764724,-0.116088444,-0.050251449,-0.097936387,-0.012956046,0.014418046,-0.043407595,-0.116566861,-0.016623028
2010 Q1,1.441913,1.438907721,0.318065917,0.814248373,1.510022014,0.368555539,0.165924697,-0.054209664,-0.330511206,0.017401819,-0.008720002,0.315081675,0.806608717,1.495854287,0.36509758,0.164367915,-0.053701044,-0.327410196,0.037436581,-0.031242816,0.017238547,-0.017128961,0.039201498,-0.010626295,0.310952685,0.796038506,1.476251851,0.122269642,0.251359967,-0.025144983,0.162213954,-0.046364184,-0.052187735,0.045224528,-0.153180076,-0.032552149,-0.014167072,0.020617447,-0.118250446,-0.030833394,-0.010487043,-0.092114381,0.099394231,0.004460388,0.04942442,-0.003671743,-0.014177352,0.017012645,0.038687781
2010 Q2,1.438427,1.431244756,-0.077008984,0.068592949,0.081182347,-0.118004806,-0.031955185,-0.031659147,-0.065455925,-0.084071284,0.01661882,-0.077919914,0.069404326,0.082142643,-0.119400669,-0.032333178,-0.032033639,-0.066230195,0.038566394,-0.043745092,-0.085065752,0.017368507,0.008598136,-0.00111278,-0.087758784,0.078167942,0.092514713,-0.059458617,-0.104178289,0.034481531,-0.036415857,-0.065566463,0.032852602,-0.001391301,-0.012117815,-0.056629238,-0.002655351,-0.053951694,0.074248794,-0.049268741,-0.00125329,0.032282498,0.043428458,-0.015581977,-0.017099029,0.015973496,0.003738306,-0.095806921,0.009683814
2010 Q3,1.446513,1.43624198,0.669771858,-0.135410704,-0.212001023,-0.131636821,0.027258458,0.082581215,0.095035014,0.111082259,0.055478449,0.646956101,-0.130797943,-0.204779214,-0.127152617,0.0263299,0.079768089,0.091797649,-0.12548784,0.133592792,0.107298245,0.053788711,0.011609767,-0.000764934,0.630526396,-0.127476278,-0.199578766,-0.093050768,-0.049415553,0.013164345,0.025661241,0.071713683,-0.003256044,0.008437853,-0.036314169,0.049258457,0.004724098,-0.019541543,0.113179776,0.130200151,-0.000745509,-0.015082753,0.01355172,-0.0740736,-0.048952578,0.052443561,0.000896687,0.104573364,0.011314933
2010 Q4,1.429966,1.449597953,-0.160814645,-0.2086694,-0.676073454,0.268788346,0.009216291,-0.084113749,-0.00648451,-0.007062129,-0.278667046,-0.160654889,-0.208462105,-0.675401831,0.268521327,0.009207135,-0.084030189,-0.006478068,-0.216436359,-0.001748563,-0.007055114,-0.036544738,-0.018742924,-0.006053979,-0.164289361,-0.213178112,-0.690681349,0.237514555,-0.01818952,0.080282154,0.009415427,-0.053662599,-0.015067177,-0.018786576,-0.035686277,-0.003046368,0.020580813,-0.010853681,0.015387965,-0.00178812,-0.006190938,-0.055020775,-0.049810467,0.024287017,-0.130586567,-0.033129879,-0.004998798,-0.00721472,-0.019166943
2011 Q1,1.456828,1.460653207,0.604119794,0.348026925,0.996553741,0.199507959,-0.083311329,-0.020582301,-0.04123778,0.118611644,-0.243217371,0.602486112,0.347085778,0.993858825,0.198968442,-0.083086035,-0.020526641,-0.041126263,-0.055027284,-0.069407263,0.11829089,-0.029319162,-0.017573974,-0.066152143,0.586376944,0.337805459,0.967285201,-0.152043097,0.39659389,-0.022983537,-0.080864495,0.012245975,-0.039175118,0.006009424,-0.105225772,0.051746094,0.000286554,-0.014054768,0.031492769,-0.067551464,-0.064383378,-0.081926288,-0.047443517,0.067657591,0.027529521,-0.01477092,-0.014159749,0.115128049,-0.017104085
2011 Q2,1.500597,1.49419589,0.005575976,-0.114494915,1.994980488,-0.190587998,0.387974794,0.125407532,0.292002857,0.047256099,0.456291974,0.005589448,-0.114771526,1.999800209,-0.191048444,0.388912112,0.125710507,0.292708314,0.288012427,0.049769074,0.047370266,0.014832242,0.088738727,0.008783453,0.005590807,-0.114799444,2.000286667,-0.157174325,-0.021733134,-0.010261001,0.389006716,0.095200441,0.014658379,0.018571533,0.033567995,0.069061043,0.030130598,0.017648515,0.144315031,0.049781181,0.00878559,0.138628118,0.097989667,0.023687299,0.017932674,0.041975961,-0.024585605,0.047381789,0.088760313
2011 Q3,1.541206,1.522452696,0.47440509,0.574587956,1.083902976,0.388855167,0.31080247,-0.055733683,-0.016261953,0.004731464,-0.059095979,0.471244115,0.570759459,1.076680898,0.386264214,0.308731584,-0.055362328,-0.016153599,-0.11343416,0.064483094,0.004699938,0.00265074,0.005427379,0.000202174,0.459825094,0.556929018,1.050591147,0.303364355,0.030349624,0.065330906,0.301250509,-0.031658345,-0.048594311,0.030005737,0.001302667,-0.141036321,0.007066039,-0.03487565,0.162093912,0.062920563,0.000197275,0.033119062,-0.03577567,-0.119175038,0.040466149,-0.00042785,0.00304272,0.004586051,0.005295865
2011 Q4,1.541088,1.547747414,0.032493373,-0.030630023,-0.040771524,0.043561059,-0.026539684,0.009553663,0.012673359,0.011122899,-0.019098609,0.04769684,-0.044961639,-0.059848293,0.063943035,-0.038957454,0.014023769,0.018603153,-0.014228925,-0.000323755,0.016327241,-0.002682977,-0.00665709,-0.000569392,0.052171205,-0.049179419,-0.065462566,0.053338675,0.025334043,-0.013144539,-0.042611991,0.021776495,0.002918964,-0.007370671,0.021710542,0.013468321,-0.002153106,-0.003649866,-0.00917567,-0.000354126,-0.000622806,-0.003958165,-0.006125232,0.01704238,-0.021623412,-0.00266232,0.002120484,0.017858874,-0.007281581
2012 Q1,1.576907,1.58175978,-0.345994491,0.68631293,1.32219589,-0.067969052,0.201459953,0.162111162,-0.214680818,-0.058296374,0.63913141,-0.355575108,0.705316996,1.358807611,-0.069851121,0.207038397,0.166600034,-0.220625348,0.161977419,0.14285922,-0.059910606,0.010437639,0.280836435,-0.003640957,-0.338481222,0.671409648,1.293484412,-0.224094163,0.095383989,0.055092825,0.197085251,0.070356787,0.062535598,0.023257711,0.140208799,-0.022186939,0.008651928,0.02770124,-0.30344176,0.135991419,-0.003465922,-0.037118806,0.179668674,0.123101979,-0.059181427,0.03213325,-0.01412772,-0.057030468,0.267335529
2012 Q2,1.626998,1.621005577,-0.40782873,1.136854296,1.321307101,0.145911589,0.079744152,0.217008512,0.291359159,0.120828578,0.271319051,-0.419281999,1.168781175,1.358414066,0.150009301,0.081983649,0.223102877,0.299541552,0.376544204,-0.075862505,0.124221871,-0.071044954,-0.039061495,-0.000844032,-0.391230693,1.090585978,1.267531822,0.29771996,-0.206273902,-0.001655895,0.076498681,0.100465591,0.049982884,0.058243266,0.000624598,0.036846022,0.011928109,0.034326402,0.227699722,-0.070787061,-0.000787564,0.082379545,-0.016176852,0.40393271,0.041725066,0.019725503,-0.016263057,0.11591103,-0.036448156
2012 Q3,1.595538,1.583221218,0.317814508,-1.797065111,-1.024389915,0.167647616,0.270611255,-0.14104662,0.039354666,-0.009199655,0.242680742,0.321296397,-1.816753266,-1.035612851,0.169484317,0.273575998,-0.142591888,0.039785825,0.141137595,0.084701686,-0.009300444,0.024396597,0.023518192,-0.007230673,0.355353176,-2.009325499,-1.145385753,0.053223064,0.141345688,-0.011402434,0.30257451,-0.107521788,-0.010437739,-0.025291139,0.188014395,-0.069604997,-0.004314355,-0.040220661,-0.038875635,0.093679896,-0.00799711,-0.042099466,0.069377171,-0.183428028,0.530575022,0.001909118,0.010535249,-0.010286272,0.026011073
2012 Q4,1.607117,1.606922544,2.223521744,0.072002539,-0.100438739,-0.430456128,-0.314030824,0.124501336,-0.299133249,0.059127939,-0.609416989,2.000032969,0.064765479,-0.090343524,-0.387190478,-0.282467218,0.111987561,-0.269067016,-0.257595845,-0.283792549,0.053184921,0.034127184,0.007941134,0.024095011,1.797396474,0.058203663,-0.081190227,-0.046891181,-0.264225241,-0.005062588,-0.253848606,0.087687406,-0.007708036,0.017938424,0.198673699,-0.060425779,0.012607926,-0.136587887,-0.193568707,-0.25503966,0.021653787,-0.008908202,-0.024979242,0.058533074,-0.273974645,0.027886505,0.0025737,0.047796407,0.007136565
2013 Q1,1.59082,1.618367529,-1.105688176,1.52460199,-0.729879078,-0.082938364,0.186221133,-0.152336205,-0.96368723,-0.119835812,0.429498266,-1.126802308,1.553715665,-0.743816789,-0.084522149,0.189777197,-0.155245205,-0.982089723,0.526270319,0.036397341,-0.122124187,0.002765491,-0.054173655,-0.054195474,-1.53055895,2.11044422,-1.010341775,-0.271387343,0.213596369,0.00320766,0.257778303,-0.114560999,-0.099158754,0.003906184,-0.628804799,-0.114545791,-0.003134626,-0.073703088,-0.45625636,0.049439263,-0.073614836,-0.028262214,0.02154073,0.861529183,0.098909449,-0.000888731,0.010292444,-0.165883817,-0.0735852
2013 Q2,1.623509,1.618167874,0.259488353,0.305619194,0.349524406,0.303107621,0.159091649,0.116635539,0.226972226,0.048029853,0.286361301,0.255360879,0.300757954,0.3439648,0.29828633,0.156561106,0.114780311,0.22336196,0.042749913,0.266442646,0.047265881,0.004493831,-0.002849242,0.003653775,0.255809453,0.301286273,0.344569018,0.157510188,0.11164442,0.020791275,0.156836125,0.004641555,0.094595328,0.008123871,0.278084577,0.007444954,0.002564446,0.00892803,-0.07011237,0.266910686,0.003660193,0.039880908,-0.006375023,-0.006137251,0.026151804,0.017011322,-0.013484301,0.047348909,-0.002854247
2013 Q3,1.644783,1.602407057,-0.239447266,0.163709693,0.508328706,0.027983923,0.02449483,0.123301527,0.400926886,0.018884069,0.282202289,-0.241974537,0.165437584,0.513693913,0.028279282,0.024753363,0.124602926,0.40515851,0.090691528,0.132902333,0.019083383,0.005709504,0.027185359,0.014861508,-0.238189996,0.1628501,0.505659615,-0.115913086,0.161102265,-0.002354615,0.024366215,0.06111081,0.061504853,0.002146185,0.118028823,-0.007649814,0.026516606,0.019290796,0.262635697,0.130823708,0.01462907,0.067126035,0.034639809,0.020799604,-0.052356086,-0.022012452,0.030085429,0.018784914,0.026760173
2013 Q4,1.59307,1.612700659,-0.933258898,-0.18697353,-0.705948941,0.199337465,-0.269912069,-0.167530827,-0.425699545,-0.038669888,-0.615413458,-0.963040273,-0.192940072,-0.728476592,0.205698555,-0.278525277,-0.17287693,-0.439284111,-0.068944231,-0.423036593,-0.039903889,-0.020292999,0.010322078,-0.032769358,-0.987511444,-0.197842743,-0.746987422,0.090392665,0.15765839,-0.035201177,-0.285602696,-0.107490328,-0.017867489,-0.041876487,-0.269865265,0.035055561,-0.016083071,0.00018911,-0.161196686,-0.433786092,-0.033602038,-0.005320577,-0.0646513,0.030298215,0.001189574,-0.035254121,0.011619225,-0.04091786,0.010584366
2014 Q1,1.627779,1.637783044,1.291060966,0.220816887,0.039715437,0.080592125,0.427318437,0.095479519,-0.030806302,0.04508581,0.009508861,1.292648531,0.221088417,0.039764274,0.080691226,0.427843893,0.095596926,-0.030844183,-0.145455477,0.13537827,0.04514125,-0.004484876,0.019434293,0.001969197,1.280249257,0.218967705,0.039382849,-0.001988935,0.071851909,0.02086632,0.423739952,0.122814541,-0.033374341,0.010806956,-0.001565308,-0.025094631,-0.000137537,0.042717601,-0.035518102,0.134079702,0.001950308,-0.078212637,0.075931179,-0.134549256,-0.019316033,0.023193213,-0.021979095,0.044708249,0.019247876
2014 Q2,1.669892,1.664526488,0.491514818,0.792633355,0.318244323,0.16806992,0.033742959,0.049634932,0.075424861,0.099834493,0.558039226,0.485900534,0.78357957,0.314609205,0.166150156,0.033357533,0.049067982,0.074563327,0.520235086,0.064726744,0.098694142,0.030146956,-0.063867316,0.029974968,0.49167392,0.792889928,0.318347338,-0.041803237,0.17472548,0.005396269,0.033753882,-0.010554285,0.038307818,0.031168489,0.113630706,-0.034381861,0.003707385,-0.013592007,0.002154001,0.065495816,0.030331125,0.029301143,0.013271381,0.172103472,0.311498193,0.030276735,-0.005803436,0.099866809,-0.064626176
2014 Q3,1.735101,1.711167668,0.592282786,0.481735392,1.185836624,0.281654895,0.117974451,0.30216007,0.360435876,0.000198233,0.582716005,0.594613955,0.483631457,1.190503965,0.282763462,0.118438787,0.303349344,0.361854518,0.308742314,0.268042152,0.000199013,-0.002528191,-0.017565688,0.012949244,0.599034012,0.487226527,1.199353565,0.243293297,0.039331196,0.015302048,0.119319201,0.186477899,0.10532077,-0.021966383,0.148872971,0.058762941,-0.00693717,0.027333001,0.128149569,0.270034641,0.013045502,0.185342478,0.024278133,0.035377276,0.073208911,-0.005793735,-0.001876547,0.000200493,-0.017696262
2014 Q4,1.693793,1.729143321,-1.238484492,-0.066640532,-0.2843793,-0.709144193,0.234556844,0.053211742,-0.114647089,0.237154392,-0.492371415,-1.217885649,-0.065532147,-0.279649419,-0.697349496,0.230655625,0.052326709,-0.112740245,-0.502813316,0.058173531,0.233209969,-0.011275975,0.008742745,-0.076606377,-1.236539502,-0.066535876,-0.283932694,-0.435134283,-0.041909265,-0.168945534,0.234188482,-0.100664476,-0.064589649,0.205978424,-0.168161616,0.054963495,-0.051969832,0.049324287,0.010248086,0.059064551,-0.077779725,-0.201907653,-0.059416633,-0.141312745,-0.115151943,-0.088843129,0.062624584,0.23678195,0.008876654
2015 Q1,1.719765,1.718674622,1.145842966,0.600777098,-1.241575367,0.562514414,-0.136541206,0.146459234,0.288934554,-0.091295105,0.258228865,1.133192534,0.594144349,-1.227868022,0.556304096,-0.135033752,0.144842282,0.285744634,0.226341717,-0.037438317,-0.090287181,-0.033385558,0.059487025,0.057301647,1.12563625,0.590182512,-1.219680429,0.264049146,0.256951297,0.032799103,-0.134133329,0.165713668,0.005798835,-0.012595346,0.249441271,0.005045122,0.005231554,-0.039482321,0.070508544,-0.037188673,0.056919552,0.045383984,-0.059469171,0.146516115,0.07903863,-0.017672179,-0.015053906,-0.089685134,0.059090357
2015 Q2,1.704847,1.699239163,0.607799968,-0.05514075,-1.950901282,0.262258841,0.178465746,0.074752627,-0.037977096,0.00770702,0.045603071,0.597935277,-0.054245807,-1.919237842,0.258002338,0.175569218,0.07353938,-0.037360721,-0.181254091,0.163027792,0.007581934,0.036562991,0.071491539,-0.059043863,0.569815007,-0.051694683,-1.828978097,0.074338147,0.179839763,0.003456169,0.167312382,-0.019301534,0.066532537,0.02321636,0.006627693,0.028293592,0.010411307,-0.010320882,-0.068437109,0.155360766,-0.056267092,0.023738678,0.070323453,-0.256254195,-0.064798311,0.017012427,0.016987035,0.007225363,0.068129367
2015 Q3,1.706301,1.696203101,0.03671726,-0.154569476,-0.024485111,0.018968101,0.009917183,0.020710872,0.096894427,0.001683143,0.079449722,0.035134707,-0.147907367,-0.023429776,0.018150556,0.009489741,0.019818211,0.092718174,0.003080138,0.06341605,0.001610598,0.002681684,0.006019059,0.004504346,0.032674042,-0.13754865,-0.021788868,0.036168678,-0.019668471,0.006618974,0.008825126,0.009603221,0.013439068,-0.00492749,0.023793614,0.012261572,-0.000840252,0.001203795,0.05265121,0.058974697,0.004188883,0.005264383,-0.002546157,0.001238185,-0.003832781,-0.000732436,0.003170466,0.001497799,0.005597513
2015 Q4,1.662658,1.684293416,0.370382706,-1.212946318,-0.824360574,-0.613172689,-0.015378579,-0.080796939,-0.16218931,-0.055544194,0.036233777,0.368284711,-1.206075708,-0.819691069,-0.609699435,-0.015291469,-0.080339273,-0.161270606,0.236687868,-0.180578979,-0.055229569,0.002121359,-0.010407527,-0.026282423,0.374949576,-1.227902115,-0.834525055,-0.253972696,-0.193440689,-0.104032176,-0.015568199,-0.085407737,-0.006511657,0.013937958,-0.206615672,0.033685022,-0.00836117,0.031228975,-0.009903993,-0.183846925,-0.026758057,-0.072088706,-0.050489465,0.274759935,0.066615291,0.019893024,-0.026592656,-0.056229061,-0.010595872
2016 Q1,1.631144,1.653229071,-0.973420505,0.634877962,-2.045420356,0.436530671,0.256252515,0.034269056,-0.185788107,0.042779871,-0.09543079,-0.957069106,0.624213359,-2.011061633,0.429197881,0.251948016,0.033693409,-0.182667261,-0.120541044,-0.120354361,0.04206126,0.042724206,0.03741587,0.03508972,-0.93968617,0.612875974,-1.974535372,0.177469327,0.189666611,0.062251501,0.247371966,0.041307243,-0.009549562,-0.00047706,0.014122809,0.031337338,-0.026902662,0.015099599,-0.166361967,-0.118168404,0.034452397,-0.027066672,0.026133169,-0.212497391,0.030983274,-0.010164882,0.028955637,0.041297315,0.036736298
2016 Q2,1.677906,1.670235787,1.578476195,-0.054031153,0.461985041,0.310503278,-0.251362537,0.145060395,0.236208779,0.03351919,0.406446146,1.512668353,-0.051778554,0.442724543,0.297558167,-0.240883047,0.139012719,0.22636106,0.283472899,0.236445737,0.03212175,-0.008188484,0.042979124,-0.045688933,1.503200673,-0.051454476,0.439953562,0.236809796,0.098816783,-0.01495705,-0.239375377,0.070868041,0.057204635,0.010106976,-0.04894459,-0.009431012,0.094881183,0.028215333,0.144350192,0.234965841,-0.045402969,0.117248693,0.067465933,0.024935078,0.078510859,-0.00442553,-0.001368062,0.031920703,0.042710121
2016 Q3,1.679756,1.648887551,-0.077478728,-0.116436876,0.201025694,-0.002077712,-0.038402369,0.040839877,0.069217646,-0.025422045,0.058974578,-0.061022069,-0.091705417,0.158327376,-0.001636401,-0.030245618,0.032165394,0.054515659,-0.00804716,-0.004147784,-0.020022344,0.08063079,-0.006588345,0.008015984,-0.07122227,-0.107034522,0.184792738,-0.049570207,0.05886209,-0.001781658,-0.035301353,0.004779282,0.031174979,0.002427517,0.018018899,0.050758774,-0.006438659,-0.008934854,0.013395143,-0.004841111,0.009355903,-0.018198503,-0.025123052,0.052301182,-0.020196377,0.042831738,0.021243211,-0.023369198,-0.007689626
2016 Q4,1.653447,1.653628013,-0.157774133,-0.517772038,-0.288675833,-0.286112963,0.10579765,-0.340690627,0.109510495,-0.022773269,-0.167746731,-0.156990957,-0.515201868,-0.287242874,-0.284692726,0.105272481,-0.338999472,0.108966896,-0.157448652,0.007994651,-0.022660224,-0.075361466,0.071156555,-0.021029791,-0.159900585,-0.524750481,-0.292566556,-0.130294068,-0.050519082,-0.115008505,0.107223573,-0.263203461,-0.12523366,0.034822612,0.162346164,0.021639145,-0.017805725,0.025252185,-0.060075476,0.008142822,-0.021419551,-0.032100681,0.075043279,-0.218427696,0.039844251,0.007192175,-0.085833275,-0.023080203,0.072475351
2017 Q1,1.617234,1.65639523,-0.522180507,-0.246928129,-0.27100587,-0.361186719,-0.336901385,-0.027600541,-0.047046058,-0.040157641,-0.337139471,-0.535920368,-0.253425419,-0.278136704,-0.370690435,-0.345766094,-0.028326779,-0.048283957,-0.090649813,-0.19699043,-0.041214288,0.012261181,0.001953378,-0.014956594,-0.563342779,-0.266392898,-0.29236863,-0.170027274,-0.179755694,-0.004577384,-0.363458535,0.105175133,0.004605833,-0.078164665,0.034353743,0.032465969,-0.000774812,-0.043101492,-0.05770194,-0.207070197,-0.015721905,-0.002200237,-0.106466382,0.070974189,-0.041860534,0.003837871,-0.007303859,-0.043323174,0.00205333
2017 Q2,1.684628,1.673282985,0.96155129,0.357146594,1.768922533,0.087695944,0.201011172,0.059282642,0.202945104,0.216809061,0.311897823,0.955090339,0.354746819,1.757036614,0.087106688,0.199660518,0.058884305,0.201581455,0.043504595,0.292480607,0.215352256,-0.00255944,-0.001391546,0.005768952,0.948348531,0.352242727,1.744634014,0.03903094,0.012585922,0.03682025,0.198251151,0.022060754,0.007757314,0.044772765,0.182107455,-0.10357422,0.010323805,0.007384012,0.112853523,0.29041604,0.00572823,-0.009683303,-0.022674138,0.040389646,0.034834713,0.002129235,-0.001927604,0.213832124,-0.001381723
2017 Q3,1.734304,1.689514881,1.312367582,0.152515449,0.171060432,0.201130416,-0.124355525,0.174243542,0.649117397,0.119561247,0.293126068,1.309650757,0.152199716,0.170706308,0.200714041,-0.124098088,0.173882828,0.647773614,0.00844704,0.036689545,0.119313735,0.110578479,0.121488259,0.021420374,1.269332758,0.147514201,0.165451062,-0.073737001,0.273445087,0.023357319,-0.12027769,0.153164992,0.084721193,-0.041775648,0.12797981,0.088271566,-0.006739096,0.015955689,0.407407477,0.035560046,0.020760941,0.026116384,0.080124755,-0.034670056,-0.068318846,0.123993391,0.017739444,0.115640625,0.117748206
2017 Q4,1.661883,1.686306109,-1.549310738,-0.445530584,-0.812609886,0.019452501,-0.24608156,-0.142969755,-0.79566602,0.042856818,-0.245962873,-1.558538965,-0.448184318,-0.81745007,0.019568367,-0.247547306,-0.143821332,-0.80040528,-0.103535148,0.00547473,0.043112087,-0.052735996,-0.003903206,-0.06785566,-1.71083935,-0.491980877,-0.897331268,0.530491175,-0.325449272,0.016573079,-0.271737622,-0.147279907,-0.08757062,0.077388119,-0.520450297,0.061293208,0.00295346,-0.110483805,-0.292959173,0.00600972,-0.074486514,0.045428547,-0.152738868,0.225241113,-0.064365693,0.000998253,-0.037565878,0.047324999,-0.004284627
2018 Q1,1.674676,1.693227306,-1.004145477,0.81629894,0.647341759,0.502516028,-0.027273155,0.070781634,0.135217373,0.019741836,-0.390652519,-0.591876402,0.465830728,0.370202522,0.292778022,-0.00657956,0.035649101,0.082478089,0.111294731,0.192870318,0.014664177,-0.200766493,-0.004719094,0.01853667,-0.468674453,0.380999037,0.30214003,-0.020169714,0.410552706,-0.044134735,-0.012729461,0.043970754,-0.007172853,-0.002492654,-0.042198879,0.048959173,0.009303801,0.013284726,0.036014631,0.158698861,0.01521081,0.049330896,0.037643495,-0.020215923,0.026190008,-0.15454459,0.004508784,0.009171206,-0.003819234
2018 Q2,1.752068,1.73525974,0.483191699,0.413537771,2.348551021,-0.215324155,0.255552096,0.090053934,0.95300497,0.065231428,0.227519606,0.477490756,0.408658641,2.320841614,-0.176800796,0.252536962,0.088991432,0.941760841,0.065032181,0.14284417,0.064458864,0.025306494,0.031803472,-0.021606259,0.476734655,0.408011535,2.317166589,-0.179695708,0.013807212,-0.006954145,0.252137072,0.072453551,0.002331097,0.014107443,0.258981231,0.12597596,0.006197649,0.08753329,0.456538859,0.142617978,-0.021572045,-0.012975559,0.063843666,0.002001588,0.01755927,0.00744816,0.020959117,0.064356794,0.031753111
2018 Q3,1.844641,1.824655118,0.28403304,0.613503756,2.560974227,0.498831922,0.335555693,-0.002780318,0.61121815,0.129365937,0.252909193,0.287748677,0.621529432,2.594476139,0.483488743,0.339945334,-0.002816689,0.619213809,0.249461962,-0.118597255,0.130903439,0.082893622,-0.021554191,0.01691858,0.286674781,0.619209845,2.584793392,0.179792413,0.25440012,0.055056378,0.338676637,-0.129135521,0.145740348,-0.013395624,0.232775656,0.149393078,0.001784551,0.023866555,0.204672663,-0.118154643,0.016855439,0.166105073,0.007789311,-0.004382237,0.096622609,0.01869012,0.056839509,0.130414899,-0.021473749
2018 Q4,1.873043,1.869858573,0.541747846,0.432493432,0.628784594,0.16752394,0.205855187,-0.189964949,-0.000921236,0.088813364,-0.334632036,0.490005248,0.391185775,0.568729074,0.152277598,0.186193859,-0.171821305,-0.000872368,0.215335174,-0.333652413,0.080400026,-0.044326736,0.013273375,-0.007027164,0.43655658,0.348516113,0.506693389,0.095972352,-0.080931459,0.17090303,0.165884252,-0.070488767,-0.051689032,-0.026372516,-0.097995374,0.120728175,-0.002994361,0.014450457,-0.019683409,-0.297258361,-0.006260657,-0.091770482,0.022914019,0.309984763,0.050381554,-0.033368448,-0.007927396,0.071630172,0.011825545
2019 Q1,1.849188,1.902072072,-0.882885479,-0.067713368,-0.263534728,-0.149204271,-0.371829318,0.163910574,-0.053153897,-0.091415344,0.442226342,-0.888885324,-0.068173529,-0.265325637,-0.18504001,-0.374356167,0.165024465,-0.053515113,0.271660491,0.247266803,-0.092024106,-0.032173411,-0.018811502,0.020753552,-0.948823847,-0.072770546,-0.283216839,-0.136429447,0.042277738,-0.070395238,-0.399599419,0.133471812,0.034360372,0.008357147,0.068559026,0.11294252,0.008784196,0.022608872,-0.197591233,0.263940278,0.022152987,0.194513286,0.036347449,-0.059998003,0.097510781,-0.001131867,-0.031160139,-0.098229393,-0.020079982
2019 Q2,1.954851097,1.932419583,1.59031988,0.600113748,1.599621389,0.988382363,0.240452184,0.241340243,0.229228477,0.219492332,0.005090395,1.593321649,0.601246478,1.602640715,0.934648764,0.240906043,0.241795778,0.229628387,-0.084037852,-0.020759549,0.219894786,0.047274868,0.06211647,0.045364474,1.590629802,0.600230699,1.599933124,0.214799402,0.651503294,0.086367608,0.240499043,0.107307709,0.128841841,0.001091624,0.041573167,-0.024887803,0.032780168,-0.007108158,0.184767514,-0.020724477,0.045287832,-0.136504961,-0.009516084,0.041640231,0.017725374,0.011141669,0.035127579,0.219523284,0.062011527
2019 Q3,1.971934754,1.919151121,0.172385563,-0.10461494,0.218001121,0.191803253,0.247753148,-0.066071582,0.010391195,0.013367996,0.190895106,0.170985212,-0.103765114,0.216230218,0.180505028,0.245740559,-0.065534859,0.01030695,0.113236997,0.137951518,0.013290719,-0.002982329,-0.061641744,0.019587706,0.158947653,-0.096459929,0.201007358,0.113618202,0.122635952,-0.007925038,0.228440136,-0.073060934,0.006763066,0.015184657,-0.012003293,-0.015637684,-0.007301642,-0.039843084,0.073362665,0.12823957,0.018208709,0.164529798,-0.029361049,0.064169771,-0.087203079,-0.010251378,0.002797488,0.012355037,-0.057302093
2019 Q4,1.92261743,1.947757906,-0.907836522,0.294153998,-1.0151675,-0.968263193,0.006842904,0.142091656,-0.034287294,0.061290144,-0.079785394,-0.937061893,0.3036235,-1.047848105,-0.969589208,0.007063193,0.146665917,-0.035395185,0.013837218,-0.023663712,0.063237147,-0.02781898,0.010170528,-0.00418162,-0.982245327,0.318263678,-1.098373451,-0.622708115,-0.368943009,-0.036841434,0.007403767,0.234850591,-0.040526356,-0.012417989,0.18703929,-0.045756856,-0.016176408,0.049643367,-0.180396462,-0.024804734,-0.004383251,-0.033954375,-0.082807264,-0.131357305,0.299283752,-0.022444964,0.029744393,0.066286328,0.010660932
2020 Q1,1.968679539,1.999669422,0.087604042,0.207561274,0.660363112,0.642896856,0.276636125,0.206352084,-0.245819756,0.005857155,0.55435121,0.085389075,0.202313327,0.643666592,0.605123658,0.269641699,0.201044778,-0.239604127,0.768232451,-0.234795845,0.005690925,0.100133345,-0.021477253,0.010443478,0.083334343,0.197445027,0.628177934,0.295642137,0.281859678,0.031095164,0.263153266,0.187744309,0.006187878,0.005447794,-0.198281898,-0.000932525,0.014351613,-0.016834363,-0.032179041,-0.229145913,0.010192175,0.100767456,0.252899224,0.337163328,0.10493597,0.084125414,0.004059594,0.005553983,-0.020960442
2020 Q2,1.96474271,1.94094131,0.784462075,-0.064766989,-0.999398969,0.068150555,-0.149732209,-0.108872374,0.049130701,-0.043373625,0.264427753,3.271533074,-0.270105276,-4.167909305,0.209686319,-0.624445578,-0.467252007,0.204895453,-0.00488129,0.597154936,-0.181808879,1.284674021,-0.060216482,0.008701932,0.816548664,-0.067416131,-1.04027705,-0.024625452,0.021506347,0.01562853,-0.155856655,-0.045852614,-0.067057831,-0.009793943,0.046505208,-0.025091032,0.008702951,-0.020161459,0.053091473,0.149045128,0.002171933,-0.099655986,0.076500898,0.027340077,-0.049353092,0.154523624,0.094010938,-0.045378052,-0.015029556
2020 Q3,1.889677421,1.883276493,-0.979809552,-0.869361093,-0.219131816,-1.014140545,-0.010600239,-0.016903618,-0.331983489,-0.054184551,-0.324501866,-0.982821281,-0.872033327,-0.219805381,-1.047215945,-0.010632822,-0.011525708,-0.333003937,-0.129776538,-0.193617308,-0.054296376,0.059494687,-0.02214945,-0.003233382,-0.989007325,-0.877522053,-0.221188874,-0.546397933,-0.38514256,-0.057908974,-0.010699747,-0.039281456,0.00880412,0.019088976,-0.227335086,-0.074628205,0.002170369,-0.083229184,0.036030424,-0.194835969,-0.003253733,0.082883198,-0.063611942,-0.000175332,-0.141297492,0.033807835,-0.010958837,-0.054638127,-0.022288863
2020 Q4,1.860110208,1.890111687,-0.028037788,-0.583234902,-0.746830137,0.163360468,0.260463918,-0.180579527,0.153200443,0.003922301,-0.606934593,-0.03204705,-0.666634547,-0.853623075,0.210864392,0.297708943,-0.206748645,0.175107333,-0.29474218,-0.005885748,0.004485091,-0.109039412,-0.024761479,-0.059353439,-0.037006513,-0.769800015,-0.985726074,-0.081939189,0.262919184,0.062912526,0.343781086,-0.304010827,0.007629367,0.057844867,0.446594285,-0.09828336,-0.018533779,-0.013796634,-0.075064366,-0.006796601,-0.068538719,-0.377628394,0.031483472,-0.05164766,0.223838826,-0.074562125,-0.014924899,0.005179184,-0.028593458
2021 Q1,1.91116954,1.931257941,3.572107488,0.176413074,-0.748816449,0.128934676,-0.374960843,-0.017675502,-0.370289949,0.187492435,0.191757751,4.001003699,0.197594659,-0.838725428,0.022079112,-0.419981685,-0.018302898,-0.414750358,-0.107185439,-0.01214161,0.20998921,0.110913869,-0.013720981,0.02819053,3.988368152,0.196970636,-0.836076654,0.067180704,-0.094321574,0.015864058,-0.418655343,0.022561841,0.033865844,-0.06150049,-0.192202867,0.227748405,0.002031126,-0.055885154,-0.378434991,-0.012103266,0.028101502,0.165220458,-0.030227426,-0.077402229,-0.093848,-0.022319088,0.07437864,0.209326045,-0.013677648
2021 Q2,2.036274797,2.014636174,0.786278133,0.345874466,2.109372715,0.993057671,0.353663057,0.463955033,0.592403403,0.356316307,0.545084431,0.784958188,0.345293838,2.105831659,1.010265337,0.353069354,0.455924567,0.591408834,0.203865101,0.23091154,0.355720852,0.06616242,0.038472318,0.004121207,0.787877047,0.34657781,2.113662173,0.758821453,0.231687819,0.018996598,0.354382239,0.243194803,0.168565933,0.037128386,0.206841866,0.031868963,0.016295818,0.118590775,0.216830116,0.231770182,0.004136532,-0.026250762,0.08832131,0.018409286,0.120125873,0.103412886,-0.040900864,0.357043596,0.038615377
2021 Q3,2.107518832,2.084366083,-0.417226241,1.058548228,0.715533633,0.42925432,0.062086684,0.263451402,1.177684603,-0.008903923,0.218314913,-0.418202563,1.061025263,0.717208004,0.427949957,0.062231968,0.264060954,1.180440472,0.191979323,-0.02544645,-0.008945143,0.040767799,0.006519681,-0.000845646,-0.401184877,1.017849547,0.688023054,0.138355932,0.331401356,-0.021957994,0.059699597,0.0643252,0.161312697,0.031579146,0.112345731,0.384453414,-0.00593466,0.203205553,0.516305138,-0.024410972,-0.000811235,0.100731732,0.007609894,0.169038299,-0.067252836,-0.020581377,0.056968044,-0.008581143,0.006254379
2021 Q4,2.18210826,2.204999888,0.01631889,0.754955294,1.537206848,0.071736871,-0.219245613,0.383102333,0.371266667,0.342570558,0.281293912,0.015651392,0.724075061,1.474329874,0.076935551,-0.210277724,0.376314563,0.356080601,0.270303119,0.04518613,0.328581415,-0.078354533,0.163158629,-0.002778322,0.015283108,0.707037258,1.439638246,-0.177138168,0.203764494,-0.03150778,-0.205329797,0.261559957,0.175173626,-0.00906587,0.178880272,0.080116489,0.021030852,0.123685083,-0.013028517,0.044122881,-0.002712947,-0.015708494,0.09197464,0.018575331,0.192544017,-0.015800897,-0.02405721,0.320849751,0.159319435
2022 Q1,2.284086099,2.318039547,1.140473109,0.337862462,1.305294153,0.307511843,0.747415584,0.170206055,0.112985818,0.145526309,0.406087648,1.142155262,0.338360795,1.307219411,0.287613127,0.748517993,0.153646011,0.113152054,0.291426127,0.227481848,0.146723202,-0.025889057,-0.04767588,-0.009367913,1.15280404,0.341515471,1.319407149,0.076515986,0.171387693,0.039415473,0.755496731,0.117698661,0.021461656,0.007070543,0.007910096,0.141294888,0.00065411,-0.067634849,0.029927969,0.229602754,-0.009455254,0.02688705,0.009554245,0.225561932,0.031375432,-0.060508662,0.005449086,0.148091162,-0.048120382
2022 Q2,2.555465592,2.535385574,0.925860282,1.772577987,5.873350782,0.54902475,0.251926335,0.40674453,1.119263213,0.398278814,0.584289538,0.923916651,1.768856868,5.860430803,0.594278217,0.251397474,0.407481657,1.116916221,0.320671004,0.21158875,0.395015558,0.021492763,-0.013985949,0.023256214,0.918996632,1.759437393,5.829222977,0.142303705,0.380438042,0.067720695,0.250058738,0.193930915,0.19243885,0.016360129,0.468667499,0.094961098,0.003466806,0.122529449,0.41763232,0.210462003,0.023132371,0.096449034,0.096171632,0.023428685,0.113204867,0.111754981,-0.03045315,0.39291203,-0.013911472
2022 Q3,2.78198294,2.734673889,1.514508492,1.587531285,3.536357507,0.440687817,0.471291777,0.193161225,0.588764135,0.010957969,0.520774181,1.522330705,1.595730651,3.554622257,0.421117304,0.47372593,0.192737434,0.591805016,0.254033447,0.144353831,0.011023099,0.008093016,0.12005285,-0.025591152,1.528194616,1.601877293,3.568314412,0.05718041,0.316848974,0.050395731,0.475550689,0.067519799,0.08399868,0.04855483,0.247152696,0.048428012,0.016680277,0.035808992,0.210160449,0.144909872,-0.025689727,0.058667702,0.119220852,-0.08403557,0.143009078,-0.004723612,0.024429089,0.011065559,0.120515285
2022 Q4,2.783970683,2.785538815,0.843553268,-0.289972889,-0.67266713,-0.024161198,0.089437749,-0.004203171,-0.061172324,0.034559841,0.156076422,1.00385614,-0.345077277,-0.800496013,-0.040914177,0.106433863,-0.005333821,-0.072797078,0.165137459,0.002629058,0.041122068,-0.013290404,0.01695084,0.013229911,0.809357516,-0.27821804,-0.645398717,-0.043804366,0.039882153,-0.027395344,0.085812144,-0.038725412,0.03098069,0.005791686,0.060031792,-0.03789086,0.006760378,-0.009215349,-0.063213071,0.002119674,0.010666596,-0.027359501,-0.009730365,0.115739333,0.049272282,-0.001397038,-0.009436807,0.033154606,0.013666589
2023 Q1,2.84260608,2.907931664,0.355122856,0.14771049,0.159113327,0.935413078,0.114849507,0.209645911,-0.186492189,0.095359192,0.275456494,0.366750348,0.152546852,0.164323043,0.941180814,0.118609929,0.219826715,-0.192533906,0.073965634,0.162344927,0.099781498,0.025331527,-0.013144326,-0.01280439,0.377892982,0.157181541,0.169315516,0.558355898,0.268437557,0.106322845,0.122213544,0.131759325,0.056531632,0.031870242,0.050946483,0.024285994,0.061301887,0.009140547,-0.307024883,0.167277301,-0.013193414,0.045214394,0.112045901,-0.105251856,-0.008847844,0.019539737,-0.01840605,0.102813066,-0.013543678
2023 Q2,2.968720527,2.95602733,0.909023382,0.327541597,1.310014786,0.069018775,0.186441307,0.069689889,0.797759527,0.381244954,0.385844184,0.885449942,0.319047556,1.276042552,0.091383476,0.181606379,0.058622798,0.777068478,0.034726153,0.470373312,0.371021871,0.007633453,-0.031947367,-0.004450201,0.859045834,0.309533561,1.237990977,-0.248580869,0.356173838,0.032689022,0.176190878,-0.124892074,0.197248262,0.006355823,0.404802684,0.012702996,0.007214682,0.052775625,0.277482171,0.456346785,-0.004317496,0.001218697,0.077467787,-0.014620214,0.029270863,0.014279777,-0.008764512,0.359958003,-0.030994697
2023 Q3,3.129812483,3.04583404,0.825091805,-0.889272324,3.643099124,-0.193294236,0.446372974,0.343798006,0.73676974,-0.183522181,0.697266331,0.817651965,-0.881253769,3.610249354,-0.200609462,0.442348035,0.354693122,0.73012132,0.363484387,0.202394442,-0.181825252,0.058368501,0.028777068,0.081909529,0.916671904,-0.987976063,4.047460643,0.265418898,-0.564376698,0.056009809,0.495917619,0.122045026,0.278551444,0.005394956,0.291195248,-0.071293156,0.035297763,-0.007021661,-0.15074749,0.226904974,0.091829001,0.366520648,0.066320666,-0.482600709,0.552085164,-0.017946127,0.062230129,-0.203844798,0.032262052
2023 Q4,3.115808219,3.156182872,0.033621127,-0.017978706,-0.039020081,0.010475499,-0.005746191,0.004589426,-0.439735487,0.004175353,0.002171682,0.033572339,-0.017952617,-0.038963459,0.011613866,-0.005737852,0.00458114,-0.441940227,0.010664297,-0.008627273,0.004169934,0.000204905,0.001371546,-0.000403978,-1.186332229,0.634384418,1.376836069,0.178168674,-0.457515922,-0.105735966,0.202756183,-0.166797251,-0.045134334,0.045281759,-0.790554868,-0.020872697,0.018981596,0.027519815,0.102824939,0.30485847,0.014275201,0.083773472,-0.058690732,-0.340235688,-0.06860046,0.003181188,-0.004001948,-0.147351296,-0.048465772
2024 Q1,3.191321352,3.234693111,-0.288127506,0.202708353,0.038305986,0.972459989,0.412177528,0.04427519,0.393608595,0.259831705,0.388308957,-0.287831335,0.202499986,0.038266611,1.012016312,0.411753845,0.034801836,0.393281817,-0.036069895,0.359049901,0.260237112,-0.00768074,0.011065344,0.032158003,-0.28034267,0.197231433,0.037271008,0.476508147,0.323382012,0.078755025,0.40104102,0.033972415,-0.033230833,0.028268024,0.370438999,-0.050041163,0.004522242,0.03910807,0.074134959,0.349708304,0.031321331,-0.116741448,-0.095475566,0.3682095,-0.070848493,0.000828844,-0.008716193,0.253466381,0.010777451
2024 Q2,3.16074104,3.156109863,0.870327706,0.1059035,-0.950395931,-0.821792351,-0.362328272,-0.042884903,-0.040247111,-0.091970845,0.279253356,0.926625788,0.112753982,-1.011873313,-0.871312265,-0.385765865,-0.035767101,-0.042957073,0.076642,0.132035101,-0.096679073,0.114169137,0.042630535,-0.014636701,0.916583721,0.11153204,-1.000907398,-0.39569176,-0.296165344,-0.179395098,-0.381585227,-0.027841649,-0.011540255,0.006497794,-0.10370973,0.002736344,-0.006094516,0.01269824,0.066549193,0.130604204,-0.01447808,0.01841627,0.059031634,0.004864967,-0.016043765,0.083838937,0.019427427,-0.095631339,0.042168538
2024 Q3,3.362867071,3.259121833,2.284857399,1.954617099,0.066783611,0.747181103,0.12410516,0.039701049,0.525705208,0.001488363,0.650454767,2.25548719,1.929491892,0.065925155,0.745030674,0.122509877,0.034723436,0.518947627,0.877985392,-0.071940401,0.00153295,0.000175647,-0.048748391,-0.036227289,2.240015177,1.916256116,0.065472927,0.408094868,0.362525145,-0.01168009,0.121669493,0.015864593,0.041883092,-0.01730546,0.356763562,-0.011320898,0.003684028,-0.056960412,0.222069021,-0.07144691,-0.03597878,-0.025009714,0.090548312,0.524598661,0.299135318,0.007711861,-0.004804594,0.001522434,-0.04841399
2024 Q4,3.232646078,3.259950392,-0.773183731,-1.588834413,-1.214375774,-0.283608813,-0.102340731,0.064346492,-0.1849385,0.112817121,0.097797775,-0.820972987,-1.68703774,-1.289434407,-0.204832643,-0.108666249,0.069472465,-0.196369255,0.040930455,0.220734179,0.121251203,-0.049405257,-0.03151844,0.063528101,-0.856459794,-1.759960458,-1.345170601,-0.010456473,-0.160840709,-0.033485656,-0.11336338,-0.018909285,0.110854906,-0.008291066,-0.040021063,0.029007359,-0.006753612,-0.018623504,-0.065992922,0.230275481,0.066274123,0.10025141,-0.010453101,-0.023171718,0.01704177,-0.016733528,-0.03095024,0.126492323,-0.032880834
2025 Q1,3.162838217,3.198690193,-1.367991264,0.134856021,-0.437032074,-0.197964458,-0.064158781,-0.078159355,-0.352477453,-0.094245949,0.297708301,-1.351343323,0.133214873,-0.431713557,-0.246452442,-0.063377993,-0.071722587,-0.348187934,0.113750353,0.060115582,-0.09308988,0.151474129,-0.018202743,0.006070508,-1.28530538,0.12670488,-0.41061642,-0.144353133,-0.146847345,0.054707528,-0.060280814,-0.019000664,-0.029245702,-0.015678028,-0.188374433,-0.06788608,-0.002501126,0.101154201,-0.203028488,0.057177832,0.005773852,-0.0471235,0.019536721,0.138710419,-0.085586253,0.132488061,0.015962794,-0.08854073,-0.017313204
2025 Q2,3.210395449,3.21178019,-0.063411552,-0.010137744,1.140925095,0.18953162,0.140504547,-0.432110861,0.781661829,0.285313475,-0.52865122,-0.067978377,-0.010867852,1.223093157,0.201788706,0.150623517,-0.460904459,0.837887314,-0.573471424,-0.170737026,0.305916633,-0.06167767,0.139366586,-0.009413918,-0.0695113,-0.011112924,1.250674106,-0.051276829,0.282357165,-0.226594972,0.154020102,0.241155011,-0.50695227,0.026405288,0.509091397,0.072609373,0.061109885,0.036957058,0.223888414,-0.174587174,-0.009626203,-0.02880032,0.018523538,-0.607300565,-0.081743245,-0.041064671,-0.019920103,0.312815102,0.142509325
2025 Q3,3.307864639,3.249990835,1.75018244,-0.23079208,1.093431135,-0.171450913,-0.004540689,-0.08213024,-0.036933604,0.390050597,0.328232699,1.840694014,-0.24272761,1.149978481,-0.179942859,-0.004775513,-0.086252697,-0.038842768,0.020042667,0.177639513,0.410218161,0.051216935,-0.006921798,-0.054277181,1.888898062,-0.249084154,1.180094088,-0.001278095,-0.178314993,-0.001123513,-0.004900574,-0.151826667,0.072261178,0.004965775,0.064835287,-0.031126176,0.013254959,-0.029183222,-0.127997248,0.182291532,-0.055698591,-0.002953428,0.016777107,0.027714461,-0.035611892,-0.022935761,0.063133333,0.420960943,-0.007103066
